"Symbol","Series","Date","Prev Close","Open Price","High Price","Low Price","Last Price","Close Price","Average Price","Total Traded Quantity","Turnover","No. of Trades"
"INFY","EQ","24-May-2019","        701.05","        703.80","        711.75","        700.45","        709.00","        709.20","        706.58","    7016424","          4957669574.00","     143196"
"INFY","EQ","27-May-2019","        709.20","        707.40","        713.80","        705.50","        709.50","        708.10","        711.80","   10247544","          7294165659.35","      89920"
"INFY","EQ","28-May-2019","        708.10","        712.00","        733.45","        709.80","        726.25","        728.10","        725.58","   23860490","         17312718819.75","     195730"
"INFY","EQ","29-May-2019","        728.10","        725.50","        733.65","        723.65","        727.00","        727.80","        729.38","   10293077","          7507528234.50","     121851"
"INFY","EQ","30-May-2019","        727.80","        727.00","        737.25","        722.55","        732.60","        733.55","        733.51","   15089296","         11068104088.70","     149521"
"INFY","EQ","31-May-2019","        733.55","        736.50","        742.95","        733.20","        737.00","        737.75","        737.91","    8290306","          6117494484.60","     138065"
"INFY","EQ","03-Jun-2019","        737.75","        729.80","        750.90","        729.00","        745.15","        744.65","        742.27","    7744761","          5748728042.50","      97774"
"INFY","EQ","04-Jun-2019","        744.65","        737.25","        739.45","        733.15","        734.90","        735.30","        736.49","   11733702","          8641713182.70","     109238"
"INFY","EQ","06-Jun-2019","        735.30","        736.50","        744.65","        733.65","        735.50","        735.60","        736.86","    7563925","          5573564233.65","     124258"
"INFY","EQ","07-Jun-2019","        735.60","        735.85","        743.95","        735.85","        738.50","        739.10","        739.65","    3218358","          2380445779.00","      98025"
"INFY","EQ","10-Jun-2019","        739.10","        740.10","        754.10","        740.10","        753.00","        753.50","        751.37","    4435148","          3332437615.75","     124012"
"INFY","EQ","11-Jun-2019","        753.50","        755.00","        759.00","        750.50","        754.00","        754.90","        754.71","    5733127","          4326875500.85","     131848"
"INFY","EQ","12-Jun-2019","        754.90","        756.95","        756.95","        745.00","        753.00","        753.80","        750.69","    8738342","          6559815654.50","     169526"
"INFY","EQ","13-Jun-2019","        753.80","        740.00","        747.20","        740.00","        742.20","        742.65","        743.56","    4808577","          3575457337.65","      97174"
"INFY","EQ","14-Jun-2019","        742.65","        743.85","        745.50","        738.25","        739.60","        740.45","        741.51","    5556353","          4120112206.80","     105007"
"INFY","EQ","17-Jun-2019","        740.45","        743.00","        744.50","        737.80","        739.05","        740.55","        741.80","    3085588","          2288895910.05","      72650"
"INFY","EQ","18-Jun-2019","        740.55","        740.20","        752.45","        740.20","        751.45","        750.15","        749.20","    6202838","          4647146092.80","     150082"
"INFY","EQ","19-Jun-2019","        750.15","        752.50","        755.40","        748.60","        751.95","        751.90","        751.20","    4596253","          3452713823.50","      91764"
"INFY","EQ","20-Jun-2019","        751.90","        737.80","        756.90","        735.90","        754.95","        754.90","        749.22","    7148684","          5355932052.15","     113630"
"INFY","EQ","21-Jun-2019","        754.90","        755.00","        755.00","        747.15","        751.75","        750.20","        750.28","   13200318","          9903909135.25","     122666"
"INFY","EQ","24-Jun-2019","        750.20","        751.90","        751.90","        742.65","        745.00","        745.50","        747.99","    4758178","          3559059442.10","      70416"
"INFY","EQ","25-Jun-2019","        745.50","        744.00","        750.90","        737.30","        745.45","        748.10","        744.67","    3677911","          2738811697.20","     118947"
"INFY","EQ","26-Jun-2019","        748.10","        743.00","        751.45","        738.00","        739.40","        739.20","        743.56","    5447130","          4050265776.85","      98489"
"INFY","EQ","27-Jun-2019","        739.20","        742.00","        744.70","        728.15","        731.70","        730.55","        733.31","   11122346","          8156165446.65","     145135"
"INFY","EQ","28-Jun-2019","        730.55","        735.50","        739.50","        728.50","        731.70","        732.00","        732.85","    5919494","          4338124833.55","     116890"
"INFY","EQ","01-Jul-2019","        732.00","        735.00","        737.50","        729.85","        731.70","        731.30","        733.32","    3224968","          2364922428.15","     101260"
"INFY","EQ","02-Jul-2019","        731.30","        734.00","        741.65","        730.10","        739.50","        740.00","        734.99","    4837606","          3555605380.15","      88954"
"INFY","EQ","03-Jul-2019","        740.00","        741.00","        743.20","        730.00","        731.70","        731.30","        736.80","    5958379","          4390116575.45","     133416"
"INFY","EQ","04-Jul-2019","        731.30","        729.00","        736.40","        728.60","        732.50","        733.80","        733.38","    3274064","          2401148622.20","      97167"
"INFY","EQ","05-Jul-2019","        733.80","        735.00","        736.40","        713.50","        718.00","        718.00","        723.71","    4926289","          3565194468.40","     113048"
"INFY","EQ","08-Jul-2019","        718.00","        716.45","        724.95","        712.30","        717.20","        717.60","        717.20","    7177092","          5147414055.90","     111837"
"INFY","EQ","09-Jul-2019","        717.60","        718.00","        719.85","        709.05","        713.80","        715.50","        713.79","    5022638","          3585086283.25","     121716"
"INFY","EQ","10-Jul-2019","        715.50","        709.00","        722.70","        706.50","        717.55","        717.25","        716.16","    7573816","          5424075999.15","     130598"
"INFY","EQ","11-Jul-2019","        717.25","        719.45","        723.50","        709.60","        722.40","        721.50","        716.61","    6252688","          4480742890.05","     104709"
"INFY","EQ","12-Jul-2019","        721.50","        722.50","        730.60","        719.60","        730.05","        726.75","        724.08","    7874441","          5701708860.90","     122936"
"INFY","EQ","15-Jul-2019","        726.75","        763.00","        781.65","        754.20","        779.40","        779.35","        769.12","   31064152","         23891946222.05","     665352"
"INFY","EQ","16-Jul-2019","        779.35","        777.00","        787.80","        776.00","        782.90","        784.85","        782.56","    9924322","          7766341595.70","     231682"
"INFY","EQ","17-Jul-2019","        784.85","        783.90","        795.00","        776.75","        794.00","        794.15","        789.65","    6754348","          5333567143.85","     159078"
"INFY","EQ","18-Jul-2019","        794.15","        789.05","        798.50","        786.20","        791.75","        792.70","        793.85","    6534471","          5187412943.75","     148380"
"INFY","EQ","19-Jul-2019","        792.70","        788.70","        794.50","        781.25","        785.00","        785.40","        786.53","    6812754","          5358405148.45","      96268"
"INFY","EQ","22-Jul-2019","        785.40","        785.95","        792.00","        782.05","        784.10","        784.40","        787.13","    7107151","          5594276878.85","     132725"
"INFY","EQ","23-Jul-2019","        784.40","        787.00","        804.00","        785.55","        790.00","        790.05","        795.33","   10782564","          8575674726.55","     207585"
"INFY","EQ","24-Jul-2019","        790.05","        788.00","        793.75","        783.60","        786.65","        786.30","        786.78","    5745146","          4520166051.60","     236924"
"INFY","EQ","25-Jul-2019","        786.30","        788.25","        800.20","        787.65","        792.90","        794.50","        793.82","    9773568","          7758491817.40","     259756"
"INFY","EQ","26-Jul-2019","        794.50","        792.30","        795.00","        782.20","        789.50","        787.00","        786.88","    4941763","          3888567431.70","     201172"
"INFY","EQ","29-Jul-2019","        787.00","        789.50","        796.95","        786.20","        791.85","        791.45","        790.84","    6244316","          4938229660.60","     190597"
"INFY","EQ","30-Jul-2019","        791.45","        791.90","        797.80","        788.55","        791.65","        792.70","        793.92","    8673253","          6885836888.55","     193679"
"INFY","EQ","31-Jul-2019","        792.70","        790.85","        799.80","        781.60","        795.00","        793.65","        792.38","    7350584","          5824475368.20","     209577"
"INFY","EQ","01-Aug-2019","        793.65","        786.45","        788.40","        764.40","        770.25","        768.85","        774.33","   10066407","          7794755234.05","     216329"
"INFY","EQ","02-Aug-2019","        768.85","        765.05","        779.90","        762.25","        774.75","        775.60","        770.48","   10838336","          8350680485.05","     227612"
"INFY","EQ","05-Aug-2019","        775.60","        772.60","        785.90","        768.65","        776.80","        776.70","        777.83","    9976238","          7759839281.05","     281736"
"INFY","EQ","06-Aug-2019","        776.70","        778.80","        783.70","        769.80","        775.30","        774.45","        776.57","    9331718","          7246765643.85","     199427"
"INFY","EQ","07-Aug-2019","        774.45","        778.90","        783.45","        772.35","        776.05","        776.10","        778.99","    5130457","          3996582933.60","     157512"
"INFY","EQ","08-Aug-2019","        776.10","        782.70","        792.75","        781.25","        787.10","        788.75","        787.81","    8009009","          6309550989.70","     171889"
"INFY","EQ","09-Aug-2019","        788.75","        792.00","        796.75","        784.80","        790.00","        789.85","        790.13","    4362520","          3446958075.10","      77391"
"INFY","EQ","13-Aug-2019","        789.85","        784.15","        786.00","        760.15","        764.00","        764.75","        772.53","    7517099","          5807216873.40","     161749"
"INFY","EQ","14-Aug-2019","        764.75","        775.10","        778.25","        768.00","        772.80","        774.80","        773.33","    5940968","          4594357881.15","     154633"
"INFY","EQ","16-Aug-2019","        774.80","        780.00","        780.05","        762.50","        775.00","        774.55","        772.37","    5128088","          3960775631.80","     125413"
"INFY","EQ","19-Aug-2019","        774.55","        775.60","        783.00","        773.35","        778.00","        777.65","        779.02","    3881451","          3023717274.55","     107402"
"INFY","EQ","20-Aug-2019","        777.65","        785.20","        798.00","        783.85","        792.50","        792.75","        793.28","    8435344","          6691567042.75","     140808"
"INFY","EQ","21-Aug-2019","        792.75","        793.00","        803.75","        793.00","        799.25","        799.45","        799.47","    5926896","          4738350174.65","     154752"
"INFY","EQ","22-Aug-2019","        799.45","        799.90","        801.30","        792.35","        795.40","        795.70","        797.00","    5222488","          4162305017.45","     136435"
"INFY","EQ","23-Aug-2019","        795.70","        796.45","        809.95","        795.80","        801.25","        802.20","        802.51","    6895015","          5533306729.60","     151009"
"INFY","EQ","26-Aug-2019","        802.20","        795.90","        806.80","        786.90","        804.30","        802.55","        799.09","    5412074","          4324723248.25","     141654"
"INFY","EQ","27-Aug-2019","        802.55","        791.00","        794.95","        781.10","        785.50","        784.65","        785.23","   16061642","         12612131007.40","     242098"
"INFY","EQ","28-Aug-2019","        784.65","        787.40","        805.00","        786.30","        803.50","        802.50","        796.96","    5881134","          4687024730.60","     113678"
"INFY","EQ","29-Aug-2019","        802.50","        795.50","        809.70","        795.50","        808.30","        806.95","        805.11","    7830413","          6304378192.25","     117244"
"INFY","EQ","30-Aug-2019","        806.95","        810.00","        817.35","        802.00","        814.75","        814.90","        809.24","    8174186","          6614876749.25","     144388"
"INFY","EQ","03-Sep-2019","        814.90","        815.00","        822.40","        812.05","        812.75","        814.25","        816.96","    5647088","          4613455969.85","     109072"
"INFY","EQ","04-Sep-2019","        814.25","        810.75","        822.45","        810.25","        819.90","        821.30","        818.11","    6199015","          5071479097.25","     124357"
"INFY","EQ","05-Sep-2019","        821.30","        830.10","        837.50","        826.65","        835.10","        834.05","        833.00","    7926895","          6603073399.30","     242554"
"INFY","EQ","06-Sep-2019","        834.05","        843.30","        847.00","        835.05","        840.25","        840.15","        840.49","    6106841","          5132762932.40","     171032"
"INFY","EQ","09-Sep-2019","        840.15","        836.80","        840.30","        827.55","        830.00","        829.10","        830.92","    4377870","          3637654796.40","     122479"
"INFY","EQ","11-Sep-2019","        829.10","        822.30","        828.55","        814.15","        822.10","        820.10","        818.82","    7981036","          6535045005.95","     162235"
"INFY","EQ","12-Sep-2019","        820.10","        816.40","        819.85","        810.85","        817.60","        816.40","        816.08","    4400017","          3590752489.80","     110552"
"INFY","EQ","13-Sep-2019","        816.40","        818.10","        831.05","        817.50","        829.80","        829.30","        824.18","    4832021","          3982478489.30","      93586"
"INFY","EQ","16-Sep-2019","        829.30","        832.05","        837.95","        820.55","        827.60","        827.70","        827.38","    4846496","          4009906892.00","     137629"
"INFY","EQ","17-Sep-2019","        827.70","        831.50","        835.00","        820.55","        832.35","        831.25","        827.54","    5540901","          4585299188.00","     135783"
"INFY","EQ","18-Sep-2019","        831.25","        829.90","        832.95","        824.00","        831.45","        829.85","        828.68","    3199389","          2651273644.15","     115862"
"INFY","EQ","19-Sep-2019","        829.85","        824.85","        827.00","        815.20","        820.30","        820.70","        820.99","    6601607","          5419828832.75","     120499"
"INFY","EQ","20-Sep-2019","        820.70","        822.90","        835.00","        802.00","        807.30","        805.00","        811.86","   22462366","         18236400807.25","     277034"
"INFY","EQ","23-Sep-2019","        805.00","        806.90","        806.90","        741.90","        765.00","        764.35","        770.66","   17279260","         13316370233.10","     423674"
"INFY","EQ","24-Sep-2019","        764.35","        765.00","        798.65","        765.00","        794.00","        794.05","        785.94","   13717998","         10781580307.60","     236139"
"INFY","EQ","25-Sep-2019","        794.05","        787.70","        801.00","        781.65","        790.75","        792.65","        793.69","    9313576","          7392081925.45","     257048"
"INFY","EQ","26-Sep-2019","        792.65","        787.75","        797.00","        778.10","        784.60","        782.55","        783.93","   18442824","         14457802893.35","     178651"
"INFY","EQ","27-Sep-2019","        782.55","        787.05","        794.25","        780.10","        782.20","        782.20","        785.46","    5087642","          3996126504.85","     161432"
"INFY","EQ","30-Sep-2019","        782.20","        785.10","        808.00","        784.15","        804.20","        805.65","        801.63","    8178091","          6555812642.85","     156000"
"INFY","EQ","01-Oct-2019","        805.65","        807.00","        807.55","        791.55","        794.95","        793.55","        796.66","    5881438","          4685487403.15","     172253"
"INFY","EQ","03-Oct-2019","        793.55","        792.55","        797.85","        784.15","        786.40","        785.60","        791.93","    5497672","          4353793069.65","     166567"
"INFY","EQ","04-Oct-2019","        785.60","        790.00","        797.60","        787.05","        792.30","        793.45","        794.32","    8201713","          6514820230.85","     114239"
"INFY","EQ","07-Oct-2019","        793.45","        794.85","        802.00","        786.10","        788.80","        789.55","        791.09","    3679845","          2911078094.65","     118304"
"INFY","EQ","09-Oct-2019","        789.55","        795.45","        795.90","        778.80","        783.75","        783.65","        783.69","    6335025","          4964668557.95","     148580"
"INFY","EQ","10-Oct-2019","        783.65","        785.40","        794.70","        776.60","        782.50","        783.05","        786.97","   10402917","          8186820531.95","     123048"
"INFY","EQ","11-Oct-2019","        783.05","        781.50","        823.80","        776.60","        815.00","        814.80","        807.01","   20636344","         16653757511.40","     318660"
"INFY","EQ","14-Oct-2019","        814.80","        786.75","        797.00","        780.00","        786.30","        786.10","        789.64","   15150858","         11963746229.55","     308844"
"INFY","EQ","15-Oct-2019","        786.10","        773.10","        775.95","        765.00","        769.00","        768.30","        769.68","   13762133","         10592375902.55","     298596"
"INFY","EQ","16-Oct-2019","        768.30","        765.25","        775.95","        761.55","        771.00","        771.45","        770.12","   10767032","          8291883880.80","     258065"
"INFY","EQ","17-Oct-2019","        771.45","        767.00","        770.55","        765.10","        769.40","        769.50","        768.53","    9860495","          7578123003.70","     202471"
"INFY","EQ","18-Oct-2019","        769.50","        763.80","        773.80","        760.00","        767.50","        767.85","        767.62","   10037200","          7704758992.10","     187743"
"INFY","EQ","22-Oct-2019","        767.85","        691.10","        691.10","        638.35","        640.00","        643.55","        658.16","   90152532","         59334453056.60","    1643015"
"INFY","EQ","23-Oct-2019","        643.55","        630.00","        656.65","        615.10","        650.35","        650.60","        643.94","   60516887","         38969147748.65","    1059289"
"INFY","EQ","24-Oct-2019","        650.60","        650.00","        653.20","        632.00","        634.70","        635.35","        643.72","   25666433","         16521876122.75","     393942"
"INFY","EQ","25-Oct-2019","        635.35","        647.00","        652.50","        636.00","        637.10","        637.45","        643.66","   16549337","         10652215420.25","     327171"
"INFY","EQ","27-Oct-2019","        637.45","        651.10","        652.50","        645.55","        649.95","        648.85","        648.43","    2945433","          1909914669.20","      67356"
"INFY","EQ","29-Oct-2019","        648.85","        651.00","        653.75","        647.00","        650.90","        650.65","        650.33","   16709764","         10866929874.75","     309792"
"INFY","EQ","30-Oct-2019","        650.65","        660.40","        671.40","        656.20","        662.25","        660.60","        664.01","   22879467","         15192276718.45","     319118"
"INFY","EQ","31-Oct-2019","        660.60","        668.40","        695.45","        666.10","        687.00","        685.60","        685.39","   27405901","         18783689651.60","     424958"
"INFY","EQ","01-Nov-2019","        685.60","        690.00","        694.00","        682.60","        688.90","        687.90","        688.47","    9713519","          6687468933.40","     181647"
"INFY","EQ","04-Nov-2019","        687.90","        681.80","        732.50","        678.15","        710.10","        709.00","        714.20","   29381982","         20984607124.25","     384467"
"INFY","EQ","05-Nov-2019","        709.00","        708.75","        708.75","        691.50","        695.05","        696.10","        699.32","   12897805","          9019750145.40","     204502"
"INFY","EQ","06-Nov-2019","        696.10","        695.80","        721.50","        692.00","        712.50","        712.30","        710.66","   21372589","         15188685234.35","     344247"
"INFY","EQ","07-Nov-2019","        712.30","        717.00","        724.35","        712.10","        720.25","        720.10","        718.75","   13733737","          9871154252.90","     205054"
"INFY","EQ","08-Nov-2019","        720.10","        722.00","        724.25","        705.50","        708.30","        708.15","        716.33","    8585630","          6150137780.35","     114589"
"INFY","EQ","11-Nov-2019","        708.15","        698.90","        707.20","        698.00","        703.10","        704.40","        703.64","    6951494","          4891336200.20","     118370"
"INFY","EQ","13-Nov-2019","        704.40","        696.50","        700.00","        687.75","        691.45","        691.35","        695.08","    9973690","          6932539254.05","     182739"
"INFY","EQ","14-Nov-2019","        691.35","        696.35","        709.80","        696.35","        705.05","        705.30","        705.92","   10539902","          7440318352.30","     172258"
"INFY","EQ","15-Nov-2019","        705.30","        709.05","        712.95","        702.30","        704.60","        703.90","        705.52","    7362623","          5194471562.05","     122419"
"INFY","EQ","18-Nov-2019","        703.90","        705.00","        710.00","        699.30","        709.90","        705.20","        703.53","    7490916","          5270093825.70","     140015"
"INFY","EQ","19-Nov-2019","        705.20","        709.90","        714.00","        705.00","        712.80","        712.85","        710.87","    6495885","          4617726813.95","     127941"
"INFY","EQ","20-Nov-2019","        712.85","        712.80","        715.00","        705.00","        713.00","        713.00","        710.95","    6142171","          4366791187.10","      87462"
"INFY","EQ","21-Nov-2019","        713.00","        715.50","        721.45","        710.50","        712.15","        713.25","        714.88","    9692973","          6929352718.45","     127699"
"INFY","EQ","22-Nov-2019","        713.25","        711.75","        712.00","        685.10","        692.95","        693.20","        693.38","   14415826","          9995652431.05","     223156"
"INFY","EQ","25-Nov-2019","        693.20","        693.35","        705.15","        693.20","        699.00","        698.10","        698.13","    7334511","          5120436170.30","     109264"
"INFY","EQ","26-Nov-2019","        698.10","        705.00","        707.25","        686.00","        692.60","        690.60","        693.08","   27253106","         18888701555.80","     163058"
"INFY","EQ","27-Nov-2019","        690.60","        694.25","        697.65","        690.10","        696.15","        695.75","        694.39","    3861635","          2681478170.25","      64039"
"INFY","EQ","28-Nov-2019","        695.75","        699.10","        703.35","        694.05","        701.45","        701.85","        698.53","    4837683","          3379270403.10","      84619"
"INFY","EQ","29-Nov-2019","        701.85","        700.90","        702.30","        691.55","        695.80","        696.35","        695.72","    4262379","          2965402318.65","     110226"
"INFY","EQ","02-Dec-2019","        696.35","        703.10","        704.00","        690.30","        692.75","        692.70","        693.51","    9383736","          6507684351.30","     102880"
"INFY","EQ","03-Dec-2019","        692.70","        692.70","        699.70","        688.55","        699.00","        698.35","        696.23","    5239013","          3647553741.70","      84499"
"INFY","EQ","04-Dec-2019","        698.35","        697.00","        710.50","        693.35","        708.25","        708.85","        706.09","    7427886","          5244767944.90","     169304"
"INFY","EQ","05-Dec-2019","        708.85","        706.45","        715.90","        703.80","        714.10","        714.85","        712.06","    4814422","          3428139267.65","      76989"
"INFY","EQ","06-Dec-2019","        714.85","        715.95","        720.00","        709.60","        714.50","        715.10","        715.43","    5226096","          3738886364.80","      79319"
"INFY","EQ","09-Dec-2019","        715.10","        716.00","        722.35","        714.25","        716.05","        717.25","        718.66","    6435865","          4625177252.05","     114112"
"INFY","EQ","10-Dec-2019","        717.25","        713.00","        718.50","        710.00","        713.45","        714.55","        715.42","    4457939","          3189284687.65","      81372"
"INFY","EQ","11-Dec-2019","        714.55","        716.60","        722.70","        713.00","        720.00","        721.05","        718.49","    6043554","          4342244980.80","     125702"
"INFY","EQ","12-Dec-2019","        721.05","        718.50","        720.70","        699.55","        702.10","        702.10","        706.03","   11112042","          7845417394.45","     163350"
"INFY","EQ","13-Dec-2019","        702.10","        700.35","        712.90","        700.35","        711.50","        711.30","        708.50","   10302412","          7299214569.75","     132030"
"INFY","EQ","16-Dec-2019","        711.30","        712.30","        720.20","        710.20","        714.25","        714.00","        715.89","    5616324","          4020694131.10","     116838"
"INFY","EQ","17-Dec-2019","        714.00","        719.70","        731.25","        715.00","        730.50","        729.70","        726.51","   10525565","          7646917889.85","     193372"
"INFY","EQ","18-Dec-2019","        729.70","        731.00","        737.30","        722.75","        733.40","        732.45","        732.13","   12215295","          8943242214.25","     210673"
"INFY","EQ","19-Dec-2019","        732.45","        733.50","        735.95","        724.60","        732.00","        730.85","        729.59","    7199210","          5252474994.35","     165219"
"INFY","EQ","20-Dec-2019","        730.85","        731.00","        735.00","        728.25","        730.00","        731.55","        731.45","    7794167","          5701077059.75","     131404"
"INFY","EQ","23-Dec-2019","        731.55","        732.15","        737.30","        731.65","        735.95","        736.00","        734.61","    4975608","          3655128113.45","      80052"
"INFY","EQ","24-Dec-2019","        736.00","        736.95","        736.95","        728.30","        734.25","        733.40","        732.75","    2890759","          2118192660.85","      50306"
"INFY","EQ","26-Dec-2019","        733.40","        732.00","        734.55","        726.55","        729.50","        728.95","        730.42","    3821806","          2791528460.65","      48763"
"INFY","EQ","27-Dec-2019","        728.95","        729.75","        737.50","        728.85","        736.55","        736.95","        734.36","    3399094","          2496171888.65","      65467"
"INFY","EQ","30-Dec-2019","        736.95","        736.10","        737.95","        727.25","        732.50","        732.90","        732.53","    5368416","          3932522164.05","     115398"
"INFY","EQ","31-Dec-2019","        732.90","        729.70","        737.75","        725.45","        732.00","        731.15","        732.75","    6927885","          5076419897.30","     156522"
"INFY","EQ","01-Jan-2020","        731.15","        735.00","        740.00","        732.55","        739.35","        736.85","        735.35","    2112415","          1553368748.80","      36769"
"INFY","EQ","02-Jan-2020","        736.85","        738.90","        740.80","        730.90","        735.75","        734.70","        735.22","    5658200","          4160025335.75","     102483"
"INFY","EQ","03-Jan-2020","        734.70","        733.90","        748.00","        733.90","        745.00","        746.00","        744.67","    7882938","          5870173302.35","     105632"
"INFY","EQ","06-Jan-2020","        746.00","        746.10","        753.80","        736.50","        738.50","        738.85","        743.51","    6519403","          4847236982.15","     129992"
"INFY","EQ","07-Jan-2020","        738.85","        738.00","        742.60","        725.10","        729.30","        727.90","        734.63","    7899363","          5803119824.55","     189680"
"INFY","EQ","08-Jan-2020","        727.90","        724.95","        729.00","        708.30","        718.90","        718.20","        717.84","    8639443","          6201707522.40","     232857"
"INFY","EQ","09-Jan-2020","        718.20","        721.70","        731.50","        714.30","        727.60","        727.55","        724.60","   13521186","          9797455291.55","     161064"
"INFY","EQ","10-Jan-2020","        727.55","        740.45","        742.90","        730.50","        740.00","        738.15","        737.69","    9341405","          6891078451.30","     145267"
"INFY","EQ","13-Jan-2020","        738.15","        760.00","        777.50","        755.00","        772.50","        773.55","        769.14","   36952038","         28421129304.65","     753340"
"INFY","EQ","14-Jan-2020","        773.55","        769.95","        776.95","        767.20","        775.50","        775.65","        772.12","   11414418","          8813264899.15","     289583"
"INFY","EQ","15-Jan-2020","        775.65","        773.85","        773.85","        762.15","        766.30","        767.55","        766.99","    6047430","          4638298219.05","      96319"
"INFY","EQ","16-Jan-2020","        767.55","        770.70","        772.50","        760.25","        767.20","        767.00","        766.35","    5740586","          4399309408.85","      93520"
"INFY","EQ","17-Jan-2020","        767.00","        770.70","        772.90","        762.25","        767.45","        767.85","        766.35","    3762957","          2883743849.90","      98313"
"INFY","EQ","20-Jan-2020","        767.85","        771.60","        774.40","        762.95","        768.85","        768.45","        767.06","    3887680","          2982074923.85","      81096"
"INFY","EQ","21-Jan-2020","        768.45","        768.45","        770.50","        760.75","        761.15","        762.50","        764.09","    4448374","          3398977857.25","      83703"
"INFY","EQ","22-Jan-2020","        762.50","        768.45","        778.00","        766.00","        769.80","        770.20","        771.58","    9733935","          7510499147.55","     148501"
"INFY","EQ","23-Jan-2020","        770.20","        777.10","        785.50","        776.70","        782.35","        784.35","        781.01","   12528017","          9784566374.55","     197205"
"INFY","EQ","24-Jan-2020","        784.35","        775.75","        786.50","        773.60","        783.00","        782.75","        779.20","    7540490","          5875559436.25","     131263"
"INFY","EQ","27-Jan-2020","        782.75","        779.05","        784.80","        774.40","        778.05","        778.10","        778.05","    3741610","          2911159552.35","     102550"
"INFY","EQ","28-Jan-2020","        778.10","        781.00","        781.80","        772.00","        778.00","        778.00","        775.99","    5121009","          3973833551.80","     108248"
"INFY","EQ","29-Jan-2020","        778.00","        786.60","        792.80","        784.25","        790.00","        789.70","        787.87","    6832757","          5383335132.00","      83287"
"INFY","EQ","30-Jan-2020","        789.70","        789.70","        789.70","        778.00","        780.60","        780.70","        781.35","    3859680","          3015775801.15","      98962"
"INFY","EQ","31-Jan-2020","        780.70","        780.55","        784.95","        771.60","        777.70","        775.95","        776.84","    6092028","          4732547586.75","      72176"
"INFY","EQ","01-Feb-2020","        775.95","        775.10","        791.25","        769.25","        777.00","        779.50","        779.56","    5104062","          3978923966.60","     105374"
"INFY","EQ","03-Feb-2020","        779.50","        782.00","        790.95","        764.50","        767.10","        767.40","        771.38","    6416745","          4949738299.40","     132708"
"INFY","EQ","04-Feb-2020","        767.40","        770.10","        789.90","        770.10","        788.10","        787.85","        781.11","    5771311","          4508019532.10","     126688"
"INFY","EQ","05-Feb-2020","        787.85","        781.00","        786.00","        774.40","        784.50","        784.55","        779.33","    6310409","          4917872804.05","     142904"
"INFY","EQ","06-Feb-2020","        784.55","        784.35","        786.80","        770.00","        772.00","        771.35","        775.78","    7341622","          5695512989.35","     133662"
"INFY","EQ","07-Feb-2020","        771.35","        775.95","        778.85","        771.00","        776.00","        777.30","        775.80","    2853344","          2213620887.90","      53815"
"INFY","EQ","10-Feb-2020","        777.30","        774.00","        778.00","        769.75","        773.00","        773.20","        772.86","    3827682","          2958264287.05","      50917"
"INFY","EQ","11-Feb-2020","        773.20","        779.00","        779.10","        769.20","        775.00","        773.55","        773.48","    4312817","          3335859222.95","      83764"
"INFY","EQ","12-Feb-2020","        773.55","        775.80","        783.25","        775.10","        780.80","        781.05","        780.73","    2948825","          2302228797.45","      80507"
"INFY","EQ","13-Feb-2020","        781.05","        785.00","        794.00","        782.20","        792.50","        792.25","        787.51","    4387430","          3455129906.00","      80876"
"INFY","EQ","14-Feb-2020","        792.25","        794.50","        799.20","        784.60","        786.30","        786.45","        791.78","    5321680","          4213573742.60","     103460"
"INFY","EQ","17-Feb-2020","        786.45","        790.30","        793.45","        783.30","        788.85","        789.45","        789.21","    2929629","          2312085827.25","      69780"
"INFY","EQ","18-Feb-2020","        789.45","        785.00","        799.05","        783.65","        798.50","        797.65","        793.27","    5083346","          4032462343.75","     103674"
"INFY","EQ","19-Feb-2020","        797.65","        800.00","        804.85","        796.15","        800.40","        800.45","        799.62","    3985192","          3186637946.20","      79345"
"INFY","EQ","20-Feb-2020","        800.45","        803.25","        806.10","        793.85","        796.80","        797.00","        800.74","    4564569","          3655039598.50","      94252"
"INFY","EQ","24-Feb-2020","        797.00","        800.10","        811.60","        792.15","        795.90","        795.85","        804.05","    6627536","          5328879149.90","     130286"
"INFY","EQ","25-Feb-2020","        795.85","        799.00","        806.00","        795.40","        799.50","        798.40","        799.93","    6996695","          5596900401.25","     114637"
"INFY","EQ","26-Feb-2020","        798.40","        793.95","        801.45","        780.50","        782.25","        782.75","        791.65","    8760569","          6935314353.15","     168481"
"INFY","EQ","27-Feb-2020","        782.75","        778.00","        780.75","        772.20","        776.55","        777.85","        777.16","    5223386","          4059425154.50","     100716"
"INFY","EQ","28-Feb-2020","        777.85","        750.00","        756.80","        722.05","        732.00","        731.70","        738.68","   14123957","         10433101671.40","     277778"
"INFY","EQ","02-Mar-2020","        731.70","        737.00","        765.90","        733.75","        739.40","        741.05","        750.99","    9821523","          7375861532.00","     155968"
"INFY","EQ","03-Mar-2020","        741.05","        755.00","        759.00","        741.25","        751.00","        747.00","        749.09","    7826587","          5862836380.75","     136066"
"INFY","EQ","04-Mar-2020","        747.00","        753.90","        761.50","        745.55","        758.00","        758.75","        753.23","   11013444","          8295623046.90","     155822"
"INFY","EQ","05-Mar-2020","        758.75","        763.75","        773.55","        751.75","        754.15","        754.60","        763.70","    7755293","          5922737656.50","     124093"
"INFY","EQ","06-Mar-2020","        754.60","        741.00","        744.00","        729.10","        739.00","        738.95","        738.53","    9216022","          6806310521.15","     147517"
"INFY","EQ","09-Mar-2020","        738.95","        724.50","        725.85","        697.00","        706.40","        704.45","        705.63","   10308697","          7274162430.10","     180848"
"INFY","EQ","11-Mar-2020","        704.45","        690.65","        695.95","        669.05","        682.15","        686.00","        685.87","   16165054","         11087131348.55","     233010"
"INFY","EQ","12-Mar-2020","        686.00","        668.00","        670.00","        627.50","        631.00","        631.20","        644.47","   13965689","          9000417645.15","     265786"
"INFY","EQ","13-Mar-2020","        631.20","        592.00","        667.00","        570.00","        652.15","        642.35","        629.00","   16903140","         10632077962.50","     286353"
"INFY","EQ","16-Mar-2020","        642.35","        622.00","        622.15","        580.00","        583.20","        583.15","        597.37","   19140854","         11434179964.35","     462293"
"INFY","EQ","17-Mar-2020","        583.15","        588.10","        592.00","        550.00","        560.00","        554.95","        571.99","   16060126","          9186285698.00","     359329"
"INFY","EQ","18-Mar-2020","        554.95","        568.00","        578.00","        528.00","        531.70","        534.30","        552.92","   15391568","          8510344347.20","     235885"
"INFY","EQ","19-Mar-2020","        534.30","        509.25","        558.00","        509.25","        551.80","        545.55","        540.83","   16584106","          8969244995.00","     313532"
"INFY","EQ","20-Mar-2020","        545.55","        549.50","        617.45","        548.00","        580.90","        585.20","        585.10","   21356183","         12495510370.85","     407561"
"INFY","EQ","23-Mar-2020","        585.20","        540.00","        560.95","        515.90","        529.15","        526.45","        531.33","   17146303","          9110393752.80","     258952"
"INFY","EQ","24-Mar-2020","        526.45","        522.00","        601.15","        522.00","        600.00","        589.80","        572.73","   20029537","         11471457437.10","     434375"
"INFY","EQ","25-Mar-2020","        589.80","        597.00","        635.00","        565.70","        607.00","        606.20","        596.75","   18339650","         10944193384.35","     429544"
"INFY","EQ","26-Mar-2020","        606.20","        615.00","        650.85","        612.10","        640.00","        643.00","        638.74","   14868843","          9497347855.35","     291975"
"INFY","EQ","27-Mar-2020","        643.00","        665.05","        674.90","        642.25","        655.00","        652.70","        653.79","   13495469","          8823242465.25","     262091"
"INFY","EQ","30-Mar-2020","        652.70","        625.10","        663.50","        621.10","        623.80","        626.70","        638.82","   14625720","          9343228363.50","     230047"
"INFY","EQ","31-Mar-2020","        626.70","        650.00","        662.00","        633.70","        639.60","        641.50","        647.80","   15175528","          9830768498.10","     279311"
"INFY","EQ","01-Apr-2020","        641.50","        634.35","        637.50","        594.00","        603.90","        602.80","        611.89","   13083865","          8005888360.85","     379235"
"INFY","EQ","03-Apr-2020","        602.80","        603.50","        606.00","        582.15","        588.50","        585.70","        592.53","   10221890","          6056725607.95","     261228"
"INFY","EQ","07-Apr-2020","        585.70","        615.00","        644.25","        612.90","        633.80","        639.00","        627.65","   15146526","          9506714566.30","     260480"
"INFY","EQ","08-Apr-2020","        639.00","        630.00","        655.65","        626.35","        632.25","        631.60","        637.44","   11806901","          7526162135.55","     235881"
"INFY","EQ","09-Apr-2020","        631.60","        646.80","        652.80","        632.10","        635.60","        636.25","        640.28","   11931287","          7639338597.25","     232901"
"INFY","EQ","13-Apr-2020","        636.25","        629.00","        651.70","        626.05","        637.00","        637.40","        641.21","    8330291","          5341425789.00","     232090"
"INFY","EQ","15-Apr-2020","        637.40","        651.40","        653.30","        635.60","        640.00","        639.05","        645.85","   11963493","          7726657236.85","     278339"
"INFY","EQ","16-Apr-2020","        639.05","        619.95","        634.90","        603.50","        626.90","        623.85","        620.50","   17783310","         11034508894.50","     254606"
"INFY","EQ","17-Apr-2020","        623.85","        644.00","        646.00","        626.00","        634.20","        628.75","        633.50","    8878372","          5624422628.20","     220448"
"INFY","EQ","20-Apr-2020","        628.75","        640.00","        661.00","        639.00","        650.95","        653.30","        653.71","   13322995","          8709344590.30","     220363"
"INFY","EQ","21-Apr-2020","        653.30","        627.80","        646.50","        627.80","        633.00","        633.20","        638.34","   11660678","          7443524923.00","     195803"
"INFY","EQ","22-Apr-2020","        633.20","        633.20","        645.00","        628.05","        641.50","        641.85","        639.85","    8267159","          5289759466.35","     148917"
"INFY","EQ","23-Apr-2020","        641.85","        647.05","        683.65","        638.10","        675.00","        679.30","        665.09","   14451294","          9611440870.60","     225884"
"INFY","EQ","24-Apr-2020","        679.30","        668.55","        675.00","        654.80","        660.95","        658.00","        662.50","    7319950","          4849470612.45","     162251"
"INFY","EQ","27-Apr-2020","        658.00","        661.05","        681.00","        661.05","        665.10","        664.60","        670.63","    7183316","          4817370467.65","     143869"
"INFY","EQ","28-Apr-2020","        664.60","        673.00","        677.00","        653.05","        664.05","        660.70","        659.88","    7296594","          4814874278.60","     128788"
"INFY","EQ","29-Apr-2020","        660.70","        666.00","        682.00","        658.00","        678.00","        676.55","        671.94","    8639246","          5805084866.05","     175742"
"INFY","EQ","30-Apr-2020","        676.55","        700.00","        720.00","        698.10","        715.05","        715.50","        711.47","   16254036","         11564226725.75","     277142"
"INFY","EQ","04-May-2020","        715.50","        689.80","        701.20","        670.35","        675.15","        673.70","        686.15","    9122803","          6259591492.80","     177978"
"INFY","EQ","05-May-2020","        673.70","        681.75","        685.60","        670.00","        674.50","        673.70","        679.28","    6393108","          4342730627.00","     132076"
"INFY","EQ","06-May-2020","        673.70","        676.90","        681.45","        664.05","        667.00","        665.90","        671.02","    7934457","          5324157713.35","     211094"
"INFY","EQ","07-May-2020","        665.90","        665.55","        674.35","        662.45","        666.70","        664.95","        668.79","    4779550","          3196499216.80","      93851"
"INFY","EQ","08-May-2020","        664.95","        672.25","        680.90","        668.50","        676.00","        674.20","        674.96","    8400376","          5669937480.30","     206669"
"INFY","EQ","11-May-2020","        674.20","        682.50","        698.55","        678.00","        683.75","        682.90","        688.95","    7370192","          5077673283.60","     157658"
"INFY","EQ","12-May-2020","        682.90","        678.50","        691.00","        675.50","        687.00","        687.65","        684.84","    7356063","          5037715533.35","     165655"
"INFY","EQ","13-May-2020","        687.65","        694.80","        699.90","        683.75","        693.75","        694.15","        693.94","    8287106","          5750758216.45","     156513"
"INFY","EQ","14-May-2020","        694.15","        659.00","        671.75","        652.60","        658.20","        658.15","        662.77","   16888356","         11193113875.85","     284577"
"INFY","EQ","15-May-2020","        658.15","        664.80","        664.80","        646.70","        652.30","        652.30","        652.46","    9255353","          6038757599.40","     159733"
"INFY","EQ","18-May-2020","        652.30","        659.85","        670.55","        653.00","        659.60","        663.90","        663.53","   10435495","          6924280885.05","     160262"
"INFY","EQ","19-May-2020","        663.90","        664.00","        674.80","        655.00","        670.00","        668.60","        668.12","    5902238","          3943378544.20","     121850"
"INFY","EQ","20-May-2020","        668.60","        668.50","        673.00","        659.65","        666.00","        669.55","        666.46","    5795193","          3862248243.90","     104746"
"INFY","EQ","21-May-2020","        669.55","        666.50","        679.45","        665.40","        673.00","        672.20","        672.37","    7214401","          4850780460.30","     122009"
"INFY","EQ","22-May-2020","        672.20","        675.00","        695.85","        673.50","        692.00","        692.35","        688.38","   11867864","          8169629532.35","     201776"
